{
  "Text only": {
    "accuracy": 0.9899802890932983,
    "f1_macro": 0.9899264680013429,
    "auc_roc": 0.9997363780492887
  },
  "Text + Social": {
    "accuracy": 0.9901445466491459,
    "f1_macro": 0.9900869637711743,
    "auc_roc": 0.999764162001278
  },
  "Full (Text+Social)": {
    "accuracy": 0.990473061760841,
    "f1_macro": 0.9904099185142913,
    "auc_roc": 0.9997915118290175
  }
}